{"cameraMode":{"drawMode":0,"name":"Shaded","section":"Shading Mode"},"sceneLighting":true,"audioPlay":false,"sceneViewState":{"showFog":true,"showMaterialUpdate":false,"showSkybox":true,"showFlares":true,"showImageEffects":true,"showParticleSystems":true,"showVisualEffectGraphs":true,"m_FxEnabled":true},"in2DMode":false,"pivot":{"x":3.730257272720337,"y":5.489802360534668,"z":-7.649415493011475},"rotation":{"x":0.23503951728343965,"y":-0.05872644484043121,"z":0.014238511212170124,"w":0.9701073169708252},"size":1.2080568075180054,"orthographic":false}